-- ====================================================
-- CLASSROOM RESERVATION SYSTEM - SEED DATA
-- Default password for all staff: password123
-- ====================================================

-- Drop YEAR_NO from TIMETABLE if it exists
ALTER TABLE TIMETABLE DROP COLUMN IF EXISTS YEAR_NO;

-- DEPARTMENT
INSERT INTO DEPARTMENT (DEPT_NAME, DEPT_CODE) VALUES ('Computer Science & IT', 'CS-IT') ON CONFLICT DO NOTHING;
INSERT INTO DEPARTMENT (DEPT_NAME, DEPT_CODE) VALUES ('Mathematics', 'MATH') ON CONFLICT DO NOTHING;
INSERT INTO DEPARTMENT (DEPT_NAME, DEPT_CODE) VALUES ('Business Administration', 'BBA') ON CONFLICT DO NOTHING;
INSERT INTO DEPARTMENT (DEPT_NAME, DEPT_CODE) VALUES ('Electrical Engineering', 'EE') ON CONFLICT DO NOTHING;

-- COURSE
INSERT INTO COURSE (COURSE_CODE, COURSE_NAME, CREDIT_HRS) VALUES ('CS-252', 'Computer Architecture & Organization', 4) ON CONFLICT DO NOTHING;
INSERT INTO COURSE (COURSE_CODE, COURSE_NAME, CREDIT_HRS) VALUES ('CT-261', 'Database Management Systems', 4) ON CONFLICT DO NOTHING;
INSERT INTO COURSE (COURSE_CODE, COURSE_NAME, CREDIT_HRS) VALUES ('EA-218', 'Business Communications', 3) ON CONFLICT DO NOTHING;
INSERT INTO COURSE (COURSE_CODE, COURSE_NAME, CREDIT_HRS) VALUES ('EC-209', 'Financial & Cost Accounting', 3) ON CONFLICT DO NOTHING;
INSERT INTO COURSE (COURSE_CODE, COURSE_NAME, CREDIT_HRS) VALUES ('MT-272', 'Linear Algebra & Geometry', 3) ON CONFLICT DO NOTHING;

-- CLASSROOM
INSERT INTO CLASSROOM (ROOM_NO) VALUES (2) ON CONFLICT DO NOTHING;
INSERT INTO CLASSROOM (ROOM_NO) VALUES (3) ON CONFLICT DO NOTHING;
INSERT INTO CLASSROOM (ROOM_NO) VALUES (9) ON CONFLICT DO NOTHING;
INSERT INTO CLASSROOM (ROOM_NO) VALUES (11) ON CONFLICT DO NOTHING;
INSERT INTO CLASSROOM (ROOM_NO) VALUES (12) ON CONFLICT DO NOTHING;

-- TIMESLOT
INSERT INTO TIMESLOT (SLOT_ID, STARTING_TIME, ENDING_TIME) VALUES (1, '08:30', '09:20') ON CONFLICT DO NOTHING;
INSERT INTO TIMESLOT (SLOT_ID, STARTING_TIME, ENDING_TIME) VALUES (2, '09:20', '10:10') ON CONFLICT DO NOTHING;
INSERT INTO TIMESLOT (SLOT_ID, STARTING_TIME, ENDING_TIME) VALUES (3, '10:10', '11:00') ON CONFLICT DO NOTHING;
INSERT INTO TIMESLOT (SLOT_ID, STARTING_TIME, ENDING_TIME) VALUES (4, '11:30', '12:20') ON CONFLICT DO NOTHING;
INSERT INTO TIMESLOT (SLOT_ID, STARTING_TIME, ENDING_TIME) VALUES (5, '12:20', '13:10') ON CONFLICT DO NOTHING;
INSERT INTO TIMESLOT (SLOT_ID, STARTING_TIME, ENDING_TIME) VALUES (6, '14:00', '14:50') ON CONFLICT DO NOTHING;
INSERT INTO TIMESLOT (SLOT_ID, STARTING_TIME, ENDING_TIME) VALUES (7, '14:50', '15:40') ON CONFLICT DO NOTHING;
INSERT INTO TIMESLOT (SLOT_ID, STARTING_TIME, ENDING_TIME) VALUES (8, '15:40', '16:30') ON CONFLICT DO NOTHING;

-- STAFF
INSERT INTO STAFF (USERNAME, PASSWORD_HASH, STAFF_ROLE, FIRST_NAME, LAST_NAME, DEPT_ID) VALUES ('hiba.latifee', '$2b$12$oyY4LTH7arSD.iLoNunrhuAD68rlvrw.G28SaYVPdXAGyRcREGDOm', 'instructor', 'Hiba', 'Latifee', 1) ON CONFLICT (USERNAME) DO NOTHING;
INSERT INTO STAFF (USERNAME, PASSWORD_HASH, STAFF_ROLE, FIRST_NAME, LAST_NAME, DEPT_ID) VALUES ('mudassir.ahmed', '$2b$12$oyY4LTH7arSD.iLoNunrhuAD68rlvrw.G28SaYVPdXAGyRcREGDOm', 'instructor', 'Mudassir', 'Ahmed', 1) ON CONFLICT (USERNAME) DO NOTHING;
INSERT INTO STAFF (USERNAME, PASSWORD_HASH, STAFF_ROLE, FIRST_NAME, LAST_NAME, DEPT_ID) VALUES ('umer.farooque', '$2b$12$oyY4LTH7arSD.iLoNunrhuAD68rlvrw.G28SaYVPdXAGyRcREGDOm', 'instructor', 'Muhammad Umer', 'Farooque', 1) ON CONFLICT (USERNAME) DO NOTHING;
INSERT INTO STAFF (USERNAME, PASSWORD_HASH, STAFF_ROLE, FIRST_NAME, LAST_NAME, DEPT_ID) VALUES ('raheela.asif', '$2b$12$oyY4LTH7arSD.iLoNunrhuAD68rlvrw.G28SaYVPdXAGyRcREGDOm', 'instructor', 'Raheela', 'Asif', 1) ON CONFLICT (USERNAME) DO NOTHING;
INSERT INTO STAFF (USERNAME, PASSWORD_HASH, STAFF_ROLE, FIRST_NAME, LAST_NAME, DEPT_ID) VALUES ('sana.zia', '$2b$12$oyY4LTH7arSD.iLoNunrhuAD68rlvrw.G28SaYVPdXAGyRcREGDOm', 'instructor', 'Sana', 'Zia', 3) ON CONFLICT (USERNAME) DO NOTHING;
INSERT INTO STAFF (USERNAME, PASSWORD_HASH, STAFF_ROLE, FIRST_NAME, LAST_NAME, DEPT_ID) VALUES ('hamna.jafri', '$2b$12$oyY4LTH7arSD.iLoNunrhuAD68rlvrw.G28SaYVPdXAGyRcREGDOm', 'instructor', 'Hamna', 'Jafri', 3) ON CONFLICT (USERNAME) DO NOTHING;
INSERT INTO STAFF (USERNAME, PASSWORD_HASH, STAFF_ROLE, FIRST_NAME, LAST_NAME, DEPT_ID) VALUES ('abdul.basit', '$2b$12$oyY4LTH7arSD.iLoNunrhuAD68rlvrw.G28SaYVPdXAGyRcREGDOm', 'instructor', 'Abdul', 'Basit', 3) ON CONFLICT (USERNAME) DO NOTHING;
INSERT INTO STAFF (USERNAME, PASSWORD_HASH, STAFF_ROLE, FIRST_NAME, LAST_NAME, DEPT_ID) VALUES ('mahe.sudus', '$2b$12$oyY4LTH7arSD.iLoNunrhuAD68rlvrw.G28SaYVPdXAGyRcREGDOm', 'instructor', 'Mahe', 'Sudus', 2) ON CONFLICT (USERNAME) DO NOTHING;
INSERT INTO STAFF (USERNAME, PASSWORD_HASH, STAFF_ROLE, FIRST_NAME, LAST_NAME, DEPT_ID) VALUES ('farah.naaz', '$2b$12$oyY4LTH7arSD.iLoNunrhuAD68rlvrw.G28SaYVPdXAGyRcREGDOm', 'instructor', 'Farah', 'Naaz', 1) ON CONFLICT (USERNAME) DO NOTHING;
INSERT INTO STAFF (USERNAME, PASSWORD_HASH, STAFF_ROLE, FIRST_NAME, LAST_NAME, DEPT_ID) VALUES ('amna.ahmed', '$2b$12$oyY4LTH7arSD.iLoNunrhuAD68rlvrw.G28SaYVPdXAGyRcREGDOm', 'instructor', 'Amna', 'Ahmed', 1) ON CONFLICT (USERNAME) DO NOTHING;
INSERT INTO STAFF (USERNAME, PASSWORD_HASH, STAFF_ROLE, FIRST_NAME, LAST_NAME, DEPT_ID) VALUES ('muhammad.asif', '$2b$12$oyY4LTH7arSD.iLoNunrhuAD68rlvrw.G28SaYVPdXAGyRcREGDOm', 'instructor', 'Muhammad', 'Asif', 3) ON CONFLICT (USERNAME) DO NOTHING;
INSERT INTO STAFF (USERNAME, PASSWORD_HASH, STAFF_ROLE, FIRST_NAME, LAST_NAME, DEPT_ID) VALUES ('shahzaib', '$2b$12$oyY4LTH7arSD.iLoNunrhuAD68rlvrw.G28SaYVPdXAGyRcREGDOm', 'instructor', 'Shahzaib', 'Khan', 2) ON CONFLICT (USERNAME) DO NOTHING;
INSERT INTO STAFF (USERNAME, PASSWORD_HASH, STAFF_ROLE, FIRST_NAME, LAST_NAME, DEPT_ID) VALUES ('ahmed.khan', '$2b$12$oyY4LTH7arSD.iLoNunrhuAD68rlvrw.G28SaYVPdXAGyRcREGDOm', 'instructor', 'Ahmed H', 'Khan', 1) ON CONFLICT (USERNAME) DO NOTHING;
INSERT INTO STAFF (USERNAME, PASSWORD_HASH, STAFF_ROLE, FIRST_NAME, LAST_NAME, DEPT_ID) VALUES ('sami.siddiqui', '$2b$12$oyY4LTH7arSD.iLoNunrhuAD68rlvrw.G28SaYVPdXAGyRcREGDOm', 'instructor', 'Sami', 'Siddiqui', 2) ON CONFLICT (USERNAME) DO NOTHING;
INSERT INTO STAFF (USERNAME, PASSWORD_HASH, STAFF_ROLE, FIRST_NAME, LAST_NAME, DEPT_ID) VALUES ('admin', '$2b$12$oyY4LTH7arSD.iLoNunrhuAD68rlvrw.G28SaYVPdXAGyRcREGDOm', 'admin', 'Admin', 'User', 1) ON CONFLICT (USERNAME) DO NOTHING;

-- SECTION
INSERT INTO SECTION (SECTION_ID, YEAR_NO, SECTION_NO) VALUES ('2A', 2, 'A') ON CONFLICT DO NOTHING;
INSERT INTO SECTION (SECTION_ID, YEAR_NO, SECTION_NO) VALUES ('2B', 2, 'B') ON CONFLICT DO NOTHING;
INSERT INTO SECTION (SECTION_ID, YEAR_NO, SECTION_NO) VALUES ('2C', 2, 'C') ON CONFLICT DO NOTHING;
INSERT INTO SECTION (SECTION_ID, YEAR_NO, SECTION_NO) VALUES ('2D', 2, 'D') ON CONFLICT DO NOTHING;
INSERT INTO SECTION (SECTION_ID, YEAR_NO, SECTION_NO) VALUES ('2E', 2, 'E') ON CONFLICT DO NOTHING;
INSERT INTO SECTION (SECTION_ID, YEAR_NO, SECTION_NO) VALUES ('2F', 2, 'F') ON CONFLICT DO NOTHING;

-- SECTION_COURSES
INSERT INTO SECTION_COURSES (SECTION_ID, COURSE_CODE) VALUES ('2A', 'CS-252') ON CONFLICT DO NOTHING;
INSERT INTO SECTION_COURSES (SECTION_ID, COURSE_CODE) VALUES ('2A', 'CT-261') ON CONFLICT DO NOTHING;
INSERT INTO SECTION_COURSES (SECTION_ID, COURSE_CODE) VALUES ('2A', 'EA-218') ON CONFLICT DO NOTHING;
INSERT INTO SECTION_COURSES (SECTION_ID, COURSE_CODE) VALUES ('2A', 'EC-209') ON CONFLICT DO NOTHING;
INSERT INTO SECTION_COURSES (SECTION_ID, COURSE_CODE) VALUES ('2A', 'MT-272') ON CONFLICT DO NOTHING;
INSERT INTO SECTION_COURSES (SECTION_ID, COURSE_CODE) VALUES ('2B', 'CS-252') ON CONFLICT DO NOTHING;
INSERT INTO SECTION_COURSES (SECTION_ID, COURSE_CODE) VALUES ('2B', 'CT-261') ON CONFLICT DO NOTHING;
INSERT INTO SECTION_COURSES (SECTION_ID, COURSE_CODE) VALUES ('2B', 'EA-218') ON CONFLICT DO NOTHING;
INSERT INTO SECTION_COURSES (SECTION_ID, COURSE_CODE) VALUES ('2B', 'EC-209') ON CONFLICT DO NOTHING;
INSERT INTO SECTION_COURSES (SECTION_ID, COURSE_CODE) VALUES ('2B', 'MT-272') ON CONFLICT DO NOTHING;
INSERT INTO SECTION_COURSES (SECTION_ID, COURSE_CODE) VALUES ('2C', 'CS-252') ON CONFLICT DO NOTHING;
INSERT INTO SECTION_COURSES (SECTION_ID, COURSE_CODE) VALUES ('2C', 'CT-261') ON CONFLICT DO NOTHING;
INSERT INTO SECTION_COURSES (SECTION_ID, COURSE_CODE) VALUES ('2C', 'EA-218') ON CONFLICT DO NOTHING;
INSERT INTO SECTION_COURSES (SECTION_ID, COURSE_CODE) VALUES ('2C', 'EC-209') ON CONFLICT DO NOTHING;
INSERT INTO SECTION_COURSES (SECTION_ID, COURSE_CODE) VALUES ('2C', 'MT-272') ON CONFLICT DO NOTHING;
INSERT INTO SECTION_COURSES (SECTION_ID, COURSE_CODE) VALUES ('2D', 'CS-252') ON CONFLICT DO NOTHING;
INSERT INTO SECTION_COURSES (SECTION_ID, COURSE_CODE) VALUES ('2D', 'CT-261') ON CONFLICT DO NOTHING;
INSERT INTO SECTION_COURSES (SECTION_ID, COURSE_CODE) VALUES ('2D', 'EA-218') ON CONFLICT DO NOTHING;
INSERT INTO SECTION_COURSES (SECTION_ID, COURSE_CODE) VALUES ('2D', 'EC-209') ON CONFLICT DO NOTHING;
INSERT INTO SECTION_COURSES (SECTION_ID, COURSE_CODE) VALUES ('2D', 'MT-272') ON CONFLICT DO NOTHING;
INSERT INTO SECTION_COURSES (SECTION_ID, COURSE_CODE) VALUES ('2E', 'CS-252') ON CONFLICT DO NOTHING;
INSERT INTO SECTION_COURSES (SECTION_ID, COURSE_CODE) VALUES ('2E', 'CT-261') ON CONFLICT DO NOTHING;
INSERT INTO SECTION_COURSES (SECTION_ID, COURSE_CODE) VALUES ('2E', 'EA-218') ON CONFLICT DO NOTHING;
INSERT INTO SECTION_COURSES (SECTION_ID, COURSE_CODE) VALUES ('2E', 'EC-209') ON CONFLICT DO NOTHING;
INSERT INTO SECTION_COURSES (SECTION_ID, COURSE_CODE) VALUES ('2E', 'MT-272') ON CONFLICT DO NOTHING;
INSERT INTO SECTION_COURSES (SECTION_ID, COURSE_CODE) VALUES ('2F', 'CS-252') ON CONFLICT DO NOTHING;
INSERT INTO SECTION_COURSES (SECTION_ID, COURSE_CODE) VALUES ('2F', 'CT-261') ON CONFLICT DO NOTHING;
INSERT INTO SECTION_COURSES (SECTION_ID, COURSE_CODE) VALUES ('2F', 'EA-218') ON CONFLICT DO NOTHING;
INSERT INTO SECTION_COURSES (SECTION_ID, COURSE_CODE) VALUES ('2F', 'EC-209') ON CONFLICT DO NOTHING;
INSERT INTO SECTION_COURSES (SECTION_ID, COURSE_CODE) VALUES ('2F', 'MT-272') ON CONFLICT DO NOTHING;

-- TIMETABLE

INSERT INTO TIMETABLE (SECTION_ID, COURSE_CODE, STAFF_ID, ROOM_NO, SLOT_ID, DAY_NO) VALUES ('2A', 'CS-252', 1, 9, 5, 'Monday') ON CONFLICT DO NOTHING;
INSERT INTO TIMETABLE (SECTION_ID, COURSE_CODE, STAFF_ID, ROOM_NO, SLOT_ID, DAY_NO) VALUES ('2A', 'EC-209', 7, 11, 1, 'Wednesday') ON CONFLICT DO NOTHING;
INSERT INTO TIMETABLE (SECTION_ID, COURSE_CODE, STAFF_ID, ROOM_NO, SLOT_ID, DAY_NO) VALUES ('2A', 'MT-272', 8, 11, 5, 'Wednesday') ON CONFLICT DO NOTHING;
INSERT INTO TIMETABLE (SECTION_ID, COURSE_CODE, STAFF_ID, ROOM_NO, SLOT_ID, DAY_NO) VALUES ('2A', 'CT-261', 3, 11, 6, 'Wednesday') ON CONFLICT DO NOTHING;
INSERT INTO TIMETABLE (SECTION_ID, COURSE_CODE, STAFF_ID, ROOM_NO, SLOT_ID, DAY_NO) VALUES ('2A', 'CS-252', 1, 11, 1, 'Thursday') ON CONFLICT DO NOTHING;
INSERT INTO TIMETABLE (SECTION_ID, COURSE_CODE, STAFF_ID, ROOM_NO, SLOT_ID, DAY_NO) VALUES ('2A', 'CS-252', 1, 11, 2, 'Thursday') ON CONFLICT DO NOTHING;
INSERT INTO TIMETABLE (SECTION_ID, COURSE_CODE, STAFF_ID, ROOM_NO, SLOT_ID, DAY_NO) VALUES ('2A', 'EA-218', 5, 11, 4, 'Thursday') ON CONFLICT DO NOTHING;
INSERT INTO TIMETABLE (SECTION_ID, COURSE_CODE, STAFF_ID, ROOM_NO, SLOT_ID, DAY_NO) VALUES ('2A', 'EA-218', 5, 11, 5, 'Thursday') ON CONFLICT DO NOTHING;
INSERT INTO TIMETABLE (SECTION_ID, COURSE_CODE, STAFF_ID, ROOM_NO, SLOT_ID, DAY_NO) VALUES ('2A', 'EC-209', 7, 11, 6, 'Thursday') ON CONFLICT DO NOTHING;
INSERT INTO TIMETABLE (SECTION_ID, COURSE_CODE, STAFF_ID, ROOM_NO, SLOT_ID, DAY_NO) VALUES ('2A', 'EC-209', 7, 11, 7, 'Thursday') ON CONFLICT DO NOTHING;
INSERT INTO TIMETABLE (SECTION_ID, COURSE_CODE, STAFF_ID, ROOM_NO, SLOT_ID, DAY_NO) VALUES ('2A', 'CT-261', 3, 11, 1, 'Friday') ON CONFLICT DO NOTHING;
INSERT INTO TIMETABLE (SECTION_ID, COURSE_CODE, STAFF_ID, ROOM_NO, SLOT_ID, DAY_NO) VALUES ('2A', 'CT-261', 3, 11, 2, 'Friday') ON CONFLICT DO NOTHING;
INSERT INTO TIMETABLE (SECTION_ID, COURSE_CODE, STAFF_ID, ROOM_NO, SLOT_ID, DAY_NO) VALUES ('2A', 'MT-272', 8, 11, 4, 'Friday') ON CONFLICT DO NOTHING;
INSERT INTO TIMETABLE (SECTION_ID, COURSE_CODE, STAFF_ID, ROOM_NO, SLOT_ID, DAY_NO) VALUES ('2A', 'MT-272', 8, 11, 5, 'Friday') ON CONFLICT DO NOTHING;


INSERT INTO TIMETABLE (SECTION_ID, COURSE_CODE, STAFF_ID, ROOM_NO, SLOT_ID, DAY_NO) VALUES ('2B', 'EC-209', 7, 11, 1, 'Tuesday') ON CONFLICT DO NOTHING;
INSERT INTO TIMETABLE (SECTION_ID, COURSE_CODE, STAFF_ID, ROOM_NO, SLOT_ID, DAY_NO) VALUES ('2B', 'MT-272', 8, 11, 4, 'Tuesday') ON CONFLICT DO NOTHING;
INSERT INTO TIMETABLE (SECTION_ID, COURSE_CODE, STAFF_ID, ROOM_NO, SLOT_ID, DAY_NO) VALUES ('2B', 'CT-261', 4, 11, 5, 'Tuesday') ON CONFLICT DO NOTHING;
INSERT INTO TIMETABLE (SECTION_ID, COURSE_CODE, STAFF_ID, ROOM_NO, SLOT_ID, DAY_NO) VALUES ('2B', 'CS-252', 2, 11, 6, 'Tuesday') ON CONFLICT DO NOTHING;

INSERT INTO TIMETABLE (SECTION_ID, COURSE_CODE, STAFF_ID, ROOM_NO, SLOT_ID, DAY_NO) VALUES ('2B', 'CS-252', 2, 11, 1, 'Thursday') ON CONFLICT DO NOTHING;
INSERT INTO TIMETABLE (SECTION_ID, COURSE_CODE, STAFF_ID, ROOM_NO, SLOT_ID, DAY_NO) VALUES ('2B', 'CS-252', 2, 11, 2, 'Thursday') ON CONFLICT DO NOTHING;
INSERT INTO TIMETABLE (SECTION_ID, COURSE_CODE, STAFF_ID, ROOM_NO, SLOT_ID, DAY_NO) VALUES ('2B', 'EA-218', 6, 11, 4, 'Thursday') ON CONFLICT DO NOTHING;
INSERT INTO TIMETABLE (SECTION_ID, COURSE_CODE, STAFF_ID, ROOM_NO, SLOT_ID, DAY_NO) VALUES ('2B', 'EA-218', 6, 11, 5, 'Thursday') ON CONFLICT DO NOTHING;
INSERT INTO TIMETABLE (SECTION_ID, COURSE_CODE, STAFF_ID, ROOM_NO, SLOT_ID, DAY_NO) VALUES ('2B', 'EC-209', 7, 11, 6, 'Thursday') ON CONFLICT DO NOTHING;
INSERT INTO TIMETABLE (SECTION_ID, COURSE_CODE, STAFF_ID, ROOM_NO, SLOT_ID, DAY_NO) VALUES ('2B', 'EC-209', 7, 11, 7, 'Thursday') ON CONFLICT DO NOTHING;

INSERT INTO TIMETABLE (SECTION_ID, COURSE_CODE, STAFF_ID, ROOM_NO, SLOT_ID, DAY_NO) VALUES ('2B', 'CT-261', 4, 11, 1, 'Friday') ON CONFLICT DO NOTHING;
INSERT INTO TIMETABLE (SECTION_ID, COURSE_CODE, STAFF_ID, ROOM_NO, SLOT_ID, DAY_NO) VALUES ('2B', 'CT-261', 4, 11, 2, 'Friday') ON CONFLICT DO NOTHING;
INSERT INTO TIMETABLE (SECTION_ID, COURSE_CODE, STAFF_ID, ROOM_NO, SLOT_ID, DAY_NO) VALUES ('2B', 'MT-272', 8, 11, 4, 'Friday') ON CONFLICT DO NOTHING;
INSERT INTO TIMETABLE (SECTION_ID, COURSE_CODE, STAFF_ID, ROOM_NO, SLOT_ID, DAY_NO) VALUES ('2B', 'MT-272', 8, 11, 5, 'Friday') ON CONFLICT DO NOTHING;


INSERT INTO TIMETABLE (SECTION_ID, COURSE_CODE, STAFF_ID, ROOM_NO, SLOT_ID, DAY_NO) VALUES ('2C', 'CT-261', 4, 2, 2, 'Wednesday') ON CONFLICT DO NOTHING;
INSERT INTO TIMETABLE (SECTION_ID, COURSE_CODE, STAFF_ID, ROOM_NO, SLOT_ID, DAY_NO) VALUES ('2C', 'EC-209', 11, 2, 3, 'Wednesday') ON CONFLICT DO NOTHING;
INSERT INTO TIMETABLE (SECTION_ID, COURSE_CODE, STAFF_ID, ROOM_NO, SLOT_ID, DAY_NO) VALUES ('2C', 'CS-252', 9, 2, 4, 'Wednesday') ON CONFLICT DO NOTHING;
INSERT INTO TIMETABLE (SECTION_ID, COURSE_CODE, STAFF_ID, ROOM_NO, SLOT_ID, DAY_NO) VALUES ('2C', 'MT-272', 12, 2, 5, 'Wednesday') ON CONFLICT DO NOTHING;

INSERT INTO TIMETABLE (SECTION_ID, COURSE_CODE, STAFF_ID, ROOM_NO, SLOT_ID, DAY_NO) VALUES ('2C', 'CS-252', 9, 2, 1, 'Thursday') ON CONFLICT DO NOTHING;
INSERT INTO TIMETABLE (SECTION_ID, COURSE_CODE, STAFF_ID, ROOM_NO, SLOT_ID, DAY_NO) VALUES ('2C', 'CS-252', 9, 2, 2, 'Thursday') ON CONFLICT DO NOTHING;
INSERT INTO TIMETABLE (SECTION_ID, COURSE_CODE, STAFF_ID, ROOM_NO, SLOT_ID, DAY_NO) VALUES ('2C', 'EA-218', 6, 2, 4, 'Thursday') ON CONFLICT DO NOTHING;
INSERT INTO TIMETABLE (SECTION_ID, COURSE_CODE, STAFF_ID, ROOM_NO, SLOT_ID, DAY_NO) VALUES ('2C', 'EA-218', 6, 2, 5, 'Thursday') ON CONFLICT DO NOTHING;
INSERT INTO TIMETABLE (SECTION_ID, COURSE_CODE, STAFF_ID, ROOM_NO, SLOT_ID, DAY_NO) VALUES ('2C', 'EC-209', 11, 2, 6, 'Thursday') ON CONFLICT DO NOTHING;
INSERT INTO TIMETABLE (SECTION_ID, COURSE_CODE, STAFF_ID, ROOM_NO, SLOT_ID, DAY_NO) VALUES ('2C', 'EC-209', 11, 2, 7, 'Thursday') ON CONFLICT DO NOTHING;

INSERT INTO TIMETABLE (SECTION_ID, COURSE_CODE, STAFF_ID, ROOM_NO, SLOT_ID, DAY_NO) VALUES ('2C', 'CT-261', 4, 2, 1, 'Friday') ON CONFLICT DO NOTHING;
INSERT INTO TIMETABLE (SECTION_ID, COURSE_CODE, STAFF_ID, ROOM_NO, SLOT_ID, DAY_NO) VALUES ('2C', 'CT-261', 4, 2, 2, 'Friday') ON CONFLICT DO NOTHING;
INSERT INTO TIMETABLE (SECTION_ID, COURSE_CODE, STAFF_ID, ROOM_NO, SLOT_ID, DAY_NO) VALUES ('2C', 'MT-272', 12, 2, 4, 'Friday') ON CONFLICT DO NOTHING;
INSERT INTO TIMETABLE (SECTION_ID, COURSE_CODE, STAFF_ID, ROOM_NO, SLOT_ID, DAY_NO) VALUES ('2C', 'MT-272', 12, 2, 5, 'Friday') ON CONFLICT DO NOTHING;

INSERT INTO TIMETABLE (SECTION_ID, COURSE_CODE, STAFF_ID, ROOM_NO, SLOT_ID, DAY_NO) VALUES ('2D', 'MT-272', 12, 2, 4, 'Monday') ON CONFLICT DO NOTHING;
INSERT INTO TIMETABLE (SECTION_ID, COURSE_CODE, STAFF_ID, ROOM_NO, SLOT_ID, DAY_NO) VALUES ('2D', 'EC-209', 11, 2, 5, 'Monday') ON CONFLICT DO NOTHING; 
INSERT INTO TIMETABLE (SECTION_ID, COURSE_CODE, STAFF_ID, ROOM_NO, SLOT_ID, DAY_NO) VALUES ('2D', 'CS-252', 9, 2, 1, 'Monday') ON CONFLICT DO NOTHING;


INSERT INTO TIMETABLE (SECTION_ID, COURSE_CODE, STAFF_ID, ROOM_NO, SLOT_ID, DAY_NO) VALUES ('2D', 'CT-261', 10, 12, 4, 'Wednesday') ON CONFLICT DO NOTHING;
INSERT INTO TIMETABLE (SECTION_ID, COURSE_CODE, STAFF_ID, ROOM_NO, SLOT_ID, DAY_NO) VALUES ('2D', 'CS-252', 9, 12, 5, 'Wednesday') ON CONFLICT DO NOTHING;


INSERT INTO TIMETABLE (SECTION_ID, COURSE_CODE, STAFF_ID, ROOM_NO, SLOT_ID, DAY_NO) VALUES ('2D', 'CS-252', 9, 2, 1, 'Thursday') ON CONFLICT DO NOTHING;
INSERT INTO TIMETABLE (SECTION_ID, COURSE_CODE, STAFF_ID, ROOM_NO, SLOT_ID, DAY_NO) VALUES ('2D', 'CS-252', 9, 2, 2, 'Thursday') ON CONFLICT DO NOTHING;
INSERT INTO TIMETABLE (SECTION_ID, COURSE_CODE, STAFF_ID, ROOM_NO, SLOT_ID, DAY_NO) VALUES ('2D', 'EA-218', 5, 2, 4, 'Thursday') ON CONFLICT DO NOTHING;
INSERT INTO TIMETABLE (SECTION_ID, COURSE_CODE, STAFF_ID, ROOM_NO, SLOT_ID, DAY_NO) VALUES ('2D', 'EA-218', 5, 2, 5, 'Thursday') ON CONFLICT DO NOTHING;
INSERT INTO TIMETABLE (SECTION_ID, COURSE_CODE, STAFF_ID, ROOM_NO, SLOT_ID, DAY_NO) VALUES ('2D', 'EC-209', 11, 2, 6, 'Thursday') ON CONFLICT DO NOTHING;
INSERT INTO TIMETABLE (SECTION_ID, COURSE_CODE, STAFF_ID, ROOM_NO, SLOT_ID, DAY_NO) VALUES ('2D', 'EC-209', 11, 2, 7, 'Thursday') ON CONFLICT DO NOTHING;

INSERT INTO TIMETABLE (SECTION_ID, COURSE_CODE, STAFF_ID, ROOM_NO, SLOT_ID, DAY_NO) VALUES ('2D', 'CT-261', 10, 2, 6, 'Friday') ON CONFLICT DO NOTHING;
INSERT INTO TIMETABLE (SECTION_ID, COURSE_CODE, STAFF_ID, ROOM_NO, SLOT_ID, DAY_NO) VALUES ('2D', 'CT-261', 10, 2, 7, 'Friday') ON CONFLICT DO NOTHING;
INSERT INTO TIMETABLE (SECTION_ID, COURSE_CODE, STAFF_ID, ROOM_NO, SLOT_ID, DAY_NO) VALUES ('2D', 'MT-272', 12, 2, 4, 'Friday') ON CONFLICT DO NOTHING;
INSERT INTO TIMETABLE (SECTION_ID, COURSE_CODE, STAFF_ID, ROOM_NO, SLOT_ID, DAY_NO) VALUES ('2D', 'MT-272', 12, 2, 5, 'Friday') ON CONFLICT DO NOTHING;

INSERT INTO TIMETABLE (SECTION_ID, COURSE_CODE, STAFF_ID, ROOM_NO, SLOT_ID, DAY_NO) VALUES ('2E', 'CT-261', 10, 12, 2, 'Tuesday') ON CONFLICT DO NOTHING;
INSERT INTO TIMETABLE (SECTION_ID, COURSE_CODE, STAFF_ID, ROOM_NO, SLOT_ID, DAY_NO) VALUES ('2E', 'MT-272', 14, 12, 3, 'Tuesday') ON CONFLICT DO NOTHING;
INSERT INTO TIMETABLE (SECTION_ID, COURSE_CODE, STAFF_ID, ROOM_NO, SLOT_ID, DAY_NO) VALUES ('2E', 'EC-209', 11, 12, 4, 'Tuesday') ON CONFLICT DO NOTHING;
INSERT INTO TIMETABLE (SECTION_ID, COURSE_CODE, STAFF_ID, ROOM_NO, SLOT_ID, DAY_NO) VALUES ('2E', 'CS-252', 2, 12, 5, 'Tuesday') ON CONFLICT DO NOTHING;

INSERT INTO TIMETABLE (SECTION_ID, COURSE_CODE, STAFF_ID, ROOM_NO, SLOT_ID, DAY_NO) VALUES ('2E', 'CS-252', 2, 12, 1, 'Thursday') ON CONFLICT DO NOTHING;
INSERT INTO TIMETABLE (SECTION_ID, COURSE_CODE, STAFF_ID, ROOM_NO, SLOT_ID, DAY_NO) VALUES ('2E', 'CS-252', 2, 12, 2, 'Thursday') ON CONFLICT DO NOTHING;
INSERT INTO TIMETABLE (SECTION_ID, COURSE_CODE, STAFF_ID, ROOM_NO, SLOT_ID, DAY_NO) VALUES ('2E', 'EA-218', 6, 12, 6, 'Thursday') ON CONFLICT DO NOTHING;
INSERT INTO TIMETABLE (SECTION_ID, COURSE_CODE, STAFF_ID, ROOM_NO, SLOT_ID, DAY_NO) VALUES ('2E', 'EA-218', 6, 12, 7, 'Thursday') ON CONFLICT DO NOTHING;

INSERT INTO TIMETABLE (SECTION_ID, COURSE_CODE, STAFF_ID, ROOM_NO, SLOT_ID, DAY_NO) VALUES ('2E', 'CT-261', 10, 12, 1, 'Friday') ON CONFLICT DO NOTHING;
INSERT INTO TIMETABLE (SECTION_ID, COURSE_CODE, STAFF_ID, ROOM_NO, SLOT_ID, DAY_NO) VALUES ('2E', 'CT-261', 10, 12, 2, 'Friday') ON CONFLICT DO NOTHING;
INSERT INTO TIMETABLE (SECTION_ID, COURSE_CODE, STAFF_ID, ROOM_NO, SLOT_ID, DAY_NO) VALUES ('2E', 'MT-272', 14, 12, 4, 'Friday') ON CONFLICT DO NOTHING;
INSERT INTO TIMETABLE (SECTION_ID, COURSE_CODE, STAFF_ID, ROOM_NO, SLOT_ID, DAY_NO) VALUES ('2E', 'MT-272', 14, 12, 5, 'Friday') ON CONFLICT DO NOTHING;
INSERT INTO TIMETABLE (SECTION_ID, COURSE_CODE, STAFF_ID, ROOM_NO, SLOT_ID, DAY_NO) VALUES ('2E', 'EC-209', 11, 12, 6, 'Friday') ON CONFLICT DO NOTHING;
INSERT INTO TIMETABLE (SECTION_ID, COURSE_CODE, STAFF_ID, ROOM_NO, SLOT_ID, DAY_NO) VALUES ('2E', 'EC-209', 11, 12, 7, 'Friday') ON CONFLICT DO NOTHING;

INSERT INTO TIMETABLE (SECTION_ID, COURSE_CODE, STAFF_ID, ROOM_NO, SLOT_ID, DAY_NO) VALUES ('2F', 'CS-252', 1, 12, 3, 'Monday') ON CONFLICT DO NOTHING;
INSERT INTO TIMETABLE (SECTION_ID, COURSE_CODE, STAFF_ID, ROOM_NO, SLOT_ID, DAY_NO) VALUES ('2F', 'EC-209', 11, 12, 4, 'Monday') ON CONFLICT DO NOTHING;
INSERT INTO TIMETABLE (SECTION_ID, COURSE_CODE, STAFF_ID, ROOM_NO, SLOT_ID, DAY_NO) VALUES ('2F', 'CT-261', 10, 12, 5, 'Monday') ON CONFLICT DO NOTHING;
INSERT INTO TIMETABLE (SECTION_ID, COURSE_CODE, STAFF_ID, ROOM_NO, SLOT_ID, DAY_NO) VALUES ('2F', 'MT-272', 14, 12, 8, 'Monday') ON CONFLICT DO NOTHING;

INSERT INTO TIMETABLE (SECTION_ID, COURSE_CODE, STAFF_ID, ROOM_NO, SLOT_ID, DAY_NO) VALUES ('2F', 'CS-252', 1, 12, 1, 'Thursday') ON CONFLICT DO NOTHING;
INSERT INTO TIMETABLE (SECTION_ID, COURSE_CODE, STAFF_ID, ROOM_NO, SLOT_ID, DAY_NO) VALUES ('2F', 'CS-252', 1, 12, 2, 'Thursday') ON CONFLICT DO NOTHING;
INSERT INTO TIMETABLE (SECTION_ID, COURSE_CODE, STAFF_ID, ROOM_NO, SLOT_ID, DAY_NO) VALUES ('2F', 'EA-218', 5, 12, 6, 'Thursday') ON CONFLICT DO NOTHING;
INSERT INTO TIMETABLE (SECTION_ID, COURSE_CODE, STAFF_ID, ROOM_NO, SLOT_ID, DAY_NO) VALUES ('2F', 'EA-218', 5, 12, 7, 'Thursday') ON CONFLICT DO NOTHING;

INSERT INTO TIMETABLE (SECTION_ID, COURSE_CODE, STAFF_ID, ROOM_NO, SLOT_ID, DAY_NO) VALUES ('2F', 'CT-261', 10, 12, 1, 'Friday') ON CONFLICT DO NOTHING;
INSERT INTO TIMETABLE (SECTION_ID, COURSE_CODE, STAFF_ID, ROOM_NO, SLOT_ID, DAY_NO) VALUES ('2F', 'CT-261', 10, 12, 2, 'Friday') ON CONFLICT DO NOTHING;
INSERT INTO TIMETABLE (SECTION_ID, COURSE_CODE, STAFF_ID, ROOM_NO, SLOT_ID, DAY_NO) VALUES ('2F', 'MT-272', 14, 12, 4, 'Friday') ON CONFLICT DO NOTHING;
INSERT INTO TIMETABLE (SECTION_ID, COURSE_CODE, STAFF_ID, ROOM_NO, SLOT_ID, DAY_NO) VALUES ('2F', 'MT-272', 14, 12, 5, 'Friday') ON CONFLICT DO NOTHING;
INSERT INTO TIMETABLE (SECTION_ID, COURSE_CODE, STAFF_ID, ROOM_NO, SLOT_ID, DAY_NO) VALUES ('2F', 'EC-209', 11, 12, 6, 'Friday') ON CONFLICT DO NOTHING;
INSERT INTO TIMETABLE (SECTION_ID, COURSE_CODE, STAFF_ID, ROOM_NO, SLOT_ID, DAY_NO) VALUES ('2F', 'EC-209', 11, 12, 7, 'Friday') ON CONFLICT DO NOTHING;

------ INSTRUCTOR --------

INSERT INTO INSTRUCTORS (STAFF_ID, STATUS_IN) VALUES(1, TRUE) ON CONFLICT DO NOTHING; 
INSERT INTO INSTRUCTORS (STAFF_ID, STATUS_IN) VALUES(2, TRUE) ON CONFLICT DO NOTHING;  
INSERT INTO INSTRUCTORS (STAFF_ID, STATUS_IN) VALUES(3, TRUE) ON CONFLICT DO NOTHING;  
INSERT INTO INSTRUCTORS (STAFF_ID, STATUS_IN) VALUES(4, TRUE) ON CONFLICT DO NOTHING;  
INSERT INTO INSTRUCTORS (STAFF_ID, STATUS_IN) VALUES(5, TRUE) ON CONFLICT DO NOTHING;  
INSERT INTO INSTRUCTORS (STAFF_ID, STATUS_IN) VALUES(6, TRUE) ON CONFLICT DO NOTHING;  
INSERT INTO INSTRUCTORS (STAFF_ID, STATUS_IN) VALUES(7, TRUE) ON CONFLICT DO NOTHING;  
INSERT INTO INSTRUCTORS (STAFF_ID, STATUS_IN) VALUES(8, TRUE) ON CONFLICT DO NOTHING;  
INSERT INTO INSTRUCTORS (STAFF_ID, STATUS_IN) VALUES(9, TRUE) ON CONFLICT DO NOTHING;  
INSERT INTO INSTRUCTORS (STAFF_ID, STATUS_IN) VALUES(10, TRUE) ON CONFLICT DO NOTHING; 
INSERT INTO INSTRUCTORS (STAFF_ID, STATUS_IN) VALUES(11, TRUE) ON CONFLICT DO NOTHING; 
INSERT INTO INSTRUCTORS (STAFF_ID, STATUS_IN) VALUES(12, TRUE) ON CONFLICT DO NOTHING; 
INSERT INTO INSTRUCTORS (STAFF_ID, STATUS_IN) VALUES(13, TRUE) ON CONFLICT DO NOTHING; 
INSERT INTO INSTRUCTORS (STAFF_ID, STATUS_IN) VALUES(14, TRUE) ON CONFLICT DO NOTHING; 
INSERT INTO INSTRUCTORS (STAFF_ID, STATUS_IN) VALUES(15, TRUE) ON CONFLICT DO NOTHING;
